epoca,perdida_train,perdida_val,auc_val,sensibilidad_05,especificidad_05,lr,segundos
1,0.9840655343311265,0.9915093779563904,0.5810483870967742,0.125,0.8903225806451613,0.0003,54.25310942903161
2,0.9622315208053654,1.0237078666687012,0.525,0.0625,0.9032258064516129,0.0003,53.65984647604637
3,0.9494904541972021,1.068806767463684,0.5099798387096773,0.0625,0.9032258064516129,0.0003,53.73272728093434
4,0.9374194674832674,1.0006301403045654,0.5525201612903226,0.3125,0.7612903225806451,0.0003,53.723370466032065
5,0.9390291894104181,1.0299484729766846,0.5092741935483871,0.75,0.2967741935483871,0.00015,53.77934531599749
6,0.9275336416021631,1.03722083568573,0.5023185483870968,0.484375,0.47096774193548385,0.00015,53.72289331606589
7,0.9179086347450498,1.031199336051941,0.5118951612903226,0.484375,0.5419354838709678,0.00015,53.72126975900028
8,0.9143431629951121,1.0767782926559448,0.49677419354838703,0.359375,0.6451612903225806,0.00015,53.79009812697768
9,0.9069239773738328,1.1030319929122925,0.48346774193548386,0.5625,0.3870967741935484,7.5e-05,53.784579433035105
